total_reward,agent1_reward,agent2_reward,reward_difference,agent1_type,agent2_type,personality_pairing,alpha,beta
159.18908,79.61119,79.57789,0.033299999999997,cooperative,cooperative,cooperative-cooperative,2.0,5.0
135.634736,67.84932,67.785416,0.06390400000000795,cooperative,cooperative,cooperative-cooperative,2.0,10.0
126.690358,63.136353,63.554005,0.4176519999999968,cooperative,cooperative,cooperative-cooperative,2.0,15.0
173.073686,86.54635,86.527336,0.019013999999998532,cooperative,cooperative,cooperative-cooperative,4.0,5.0
144.15006,72.06588,72.08418,0.01829999999999643,cooperative,cooperative,cooperative-cooperative,4.0,10.0
127.85682299999999,63.908497,63.948326,0.039829000000004555,cooperative,cooperative,cooperative-cooperative,4.0,15.0
160.33364,80.16493,80.16871,0.003780000000006112,cooperative,cooperative,cooperative-cooperative,6.0,5.0
139.63229,69.83244,69.79985,0.03258999999999901,cooperative,cooperative,cooperative-cooperative,6.0,10.0
129.23754000000002,64.61234,64.6252,0.012860000000003424,cooperative,cooperative,cooperative-cooperative,6.0,15.0
154.966824,77.50121,77.465614,0.035595999999998185,cooperative,competitive,cooperative-competitive,2.0,5.0
133.39413000000002,66.79854,66.59559,0.2029500000000013,cooperative,competitive,cooperative-competitive,2.0,10.0
127.813223,64.2157,63.597523,0.6181769999999958,cooperative,competitive,cooperative-competitive,2.0,15.0
158.41745600000002,79.22682,79.190636,0.03618400000000577,cooperative,competitive,cooperative-competitive,4.0,5.0
146.01386,72.47325,73.54061,1.0673600000000079,cooperative,competitive,cooperative-competitive,4.0,10.0
141.99894999999998,71.42013,70.57882,0.8413100000000071,cooperative,competitive,cooperative-competitive,4.0,15.0
127.757113,64.10063,63.656483,0.44414699999999385,cooperative,competitive,cooperative-competitive,6.0,5.0
128.461957,64.58056,63.881397,0.6991630000000058,cooperative,competitive,cooperative-competitive,6.0,10.0
121.47977700000001,60.83776,60.642017,0.19574300000000022,cooperative,competitive,cooperative-competitive,6.0,15.0
185.684594,92.872444,92.81215,0.06029399999999896,cooperative,adaptive,cooperative-adaptive,2.0,5.0
151.26782,75.6744,75.59342,0.08098000000001093,cooperative,adaptive,cooperative-adaptive,2.0,10.0
116.862796,59.6338,57.228996,2.4048039999999986,cooperative,adaptive,cooperative-adaptive,2.0,15.0
152.57810999999998,76.24206,76.33605,0.09399000000000513,cooperative,adaptive,cooperative-adaptive,4.0,5.0
131.73362,65.82992,65.9037,0.07377999999999929,cooperative,adaptive,cooperative-adaptive,4.0,10.0
125.620487,62.80114,62.819347,0.01820700000000386,cooperative,adaptive,cooperative-adaptive,4.0,15.0
156.98178000000001,78.50069,78.48109,0.019600000000011164,cooperative,adaptive,cooperative-adaptive,6.0,5.0
161.138826,80.567986,80.57084,0.002853999999999246,cooperative,adaptive,cooperative-adaptive,6.0,10.0
144.166566,72.118576,72.04799,0.07058600000000581,cooperative,adaptive,cooperative-adaptive,6.0,15.0
153.80718,76.91859,76.88859,0.030000000000001137,cooperative,cautious,cooperative-cautious,2.0,5.0
143.83044999999998,71.92688,71.90357,0.023309999999995057,cooperative,cautious,cooperative-cautious,2.0,10.0
128.92532,64.47633,64.44899,0.027340000000009468,cooperative,cautious,cooperative-cautious,2.0,15.0
147.19345,73.58871,73.60474,0.016030000000000655,cooperative,cautious,cooperative-cautious,4.0,5.0
131.022495,65.531845,65.49065,0.04119500000000187,cooperative,cautious,cooperative-cautious,4.0,10.0
124.771447,62.392834,62.378613,0.014220999999999151,cooperative,cautious,cooperative-cautious,4.0,15.0
145.424034,72.711624,72.71241,0.0007860000000050604,cooperative,cautious,cooperative-cautious,6.0,5.0
138.70685500000002,69.35192,69.354935,0.003014999999990664,cooperative,cautious,cooperative-cautious,6.0,10.0
132.11365,66.05848,66.05517,0.003309999999999036,cooperative,cautious,cooperative-cautious,6.0,15.0
149.19888400000002,74.769424,74.42946,0.3399639999999948,competitive,cooperative,competitive-cooperative,2.0,5.0
120.570065,60.309315,60.26075,0.04856499999999642,competitive,cooperative,competitive-cooperative,2.0,10.0
128.49271,64.0081,64.48461,0.47651000000000465,competitive,cooperative,competitive-cooperative,2.0,15.0
136.56321000000003,68.63451,67.9287,0.7058099999999996,competitive,cooperative,competitive-cooperative,4.0,5.0
123.93821299999999,61.702137,62.236076,0.5339389999999966,competitive,cooperative,competitive-cooperative,4.0,10.0
125.1511,62.181446,62.969654,0.7882079999999974,competitive,cooperative,competitive-cooperative,4.0,15.0
160.25651,80.12911,80.1274,0.0017100000000027649,competitive,cooperative,competitive-cooperative,6.0,5.0
139.349514,69.726234,69.62328,0.10295400000001109,competitive,cooperative,competitive-cooperative,6.0,10.0
132.5813,66.28865,66.29265,0.003999999999990678,competitive,cooperative,competitive-cooperative,6.0,15.0
110.455727,59.828114,50.627613,9.200501000000003,competitive,competitive,competitive-competitive,2.0,5.0
129.49135,64.74537,64.74598,0.0006100000000088812,competitive,competitive,competitive-competitive,2.0,10.0
123.104185,60.765675,62.33851,1.5728349999999978,competitive,competitive,competitive-competitive,2.0,15.0
162.27708,81.51622,80.76086,0.7553600000000102,competitive,competitive,competitive-competitive,4.0,5.0
139.44519100000002,70.187386,69.257805,0.9295809999999989,competitive,competitive,competitive-competitive,4.0,10.0
121.407624,61.103188,60.304436,0.7987520000000004,competitive,competitive,competitive-competitive,4.0,15.0
133.81753600000002,66.96122,66.856316,0.10490399999999056,competitive,competitive,competitive-competitive,6.0,5.0
121.492797,60.98165,60.511147,0.4705030000000008,competitive,competitive,competitive-competitive,6.0,10.0
125.634888,63.1255,62.509388,0.6161120000000011,competitive,competitive,competitive-competitive,6.0,15.0
159.838965,79.82701,80.011955,0.18494499999999903,competitive,adaptive,competitive-adaptive,2.0,5.0
125.270031,62.513634,62.756397,0.2427629999999965,competitive,adaptive,competitive-adaptive,2.0,10.0
140.67398,70.32973,70.34425,0.01452000000000453,competitive,adaptive,competitive-adaptive,2.0,15.0
140.47371,70.41442,70.05929,0.3551300000000026,competitive,adaptive,competitive-adaptive,4.0,5.0
126.34214,63.175587,63.166553,0.009033999999999764,competitive,adaptive,competitive-adaptive,4.0,10.0
116.547833,56.108635,60.439198,4.330562999999998,competitive,adaptive,competitive-adaptive,4.0,15.0
150.79865999999998,75.46985,75.32881,0.14103999999998962,competitive,adaptive,competitive-adaptive,6.0,5.0
123.994583,62.056923,61.93766,0.11926299999999657,competitive,adaptive,competitive-adaptive,6.0,10.0
132.71038,65.54204,67.16834,1.6263000000000005,competitive,adaptive,competitive-adaptive,6.0,15.0
138.997434,69.51457,69.482864,0.03170599999999979,competitive,cautious,competitive-cautious,2.0,5.0
136.66737999999998,68.45365,68.21373,0.2399199999999979,competitive,cautious,competitive-cautious,2.0,10.0
128.46749,64.3459,64.12159,0.22431000000000267,competitive,cautious,competitive-cautious,2.0,15.0
130.20029,65.235,64.96529,0.26971000000000345,competitive,cautious,competitive-cautious,4.0,5.0
138.75547,69.23083,69.52464,0.2938100000000077,competitive,cautious,competitive-cautious,4.0,10.0
128.961995,64.55415,64.407845,0.14630500000001234,competitive,cautious,competitive-cautious,4.0,15.0
143.63215,71.68432,71.94783,0.2635099999999966,competitive,cautious,competitive-cautious,6.0,5.0
135.2471,67.50273,67.74437,0.24164000000000385,competitive,cautious,competitive-cautious,6.0,10.0
125.946325,62.999805,62.94652,0.05328500000000247,competitive,cautious,competitive-cautious,6.0,15.0
147.85278,74.27466,73.57812,0.6965399999999988,adaptive,cooperative,adaptive-cooperative,2.0,5.0
146.07196,73.01613,73.05583,0.039699999999996294,adaptive,cooperative,adaptive-cooperative,2.0,10.0
134.92902600000002,67.612656,67.31637,0.29628599999999494,adaptive,cooperative,adaptive-cooperative,2.0,15.0
165.04291999999998,82.49149,82.55143,0.05993999999999744,adaptive,cooperative,adaptive-cooperative,4.0,5.0
154.49317,77.32462,77.16855,0.1560699999999997,adaptive,cooperative,adaptive-cooperative,4.0,10.0
126.626949,63.315052,63.311897,0.003154999999999575,adaptive,cooperative,adaptive-cooperative,4.0,15.0
151.86020000000002,75.87755,75.98265,0.1051000000000073,adaptive,cooperative,adaptive-cooperative,6.0,5.0
138.709835,69.234245,69.47559,0.24134499999999548,adaptive,cooperative,adaptive-cooperative,6.0,10.0
128.106535,64.06352,64.043015,0.020504999999999995,adaptive,cooperative,adaptive-cooperative,6.0,15.0
147.106664,73.946304,73.16036,0.7859440000000006,adaptive,competitive,adaptive-competitive,2.0,5.0
137.57627000000002,68.89257,68.6837,0.20887000000000455,adaptive,competitive,adaptive-competitive,2.0,10.0
114.18213700000001,58.937733,55.244404,3.6933289999999985,adaptive,competitive,adaptive-competitive,2.0,15.0
154.16696,77.05783,77.10913,0.05129999999999768,adaptive,competitive,adaptive-competitive,4.0,5.0
147.7491,74.06735,73.68175,0.3856000000000108,adaptive,competitive,adaptive-competitive,4.0,10.0
134.73301,67.42013,67.31288,0.1072499999999934,adaptive,competitive,adaptive-competitive,4.0,15.0
151.91968,75.95475,75.96493,0.010179999999991196,adaptive,competitive,adaptive-competitive,6.0,5.0
132.93899399999998,66.357254,66.58174,0.22448599999999885,adaptive,competitive,adaptive-competitive,6.0,10.0
128.97267,64.48305,64.48962,0.006569999999996412,adaptive,competitive,adaptive-competitive,6.0,15.0
145.58895,72.7563,72.83265,0.07635000000000502,adaptive,adaptive,adaptive-adaptive,2.0,5.0
162.45455600000003,81.224106,81.23045,0.006343999999998573,adaptive,adaptive,adaptive-adaptive,2.0,10.0
139.72866,69.77086,69.9578,0.186940000000007,adaptive,adaptive,adaptive-adaptive,2.0,15.0
154.922456,77.449936,77.47252,0.02258400000000904,adaptive,adaptive,adaptive-adaptive,4.0,5.0
147.075436,73.599846,73.47559,0.12425600000000259,adaptive,adaptive,adaptive-adaptive,4.0,10.0
133.163585,66.593025,66.57056,0.02246499999999685,adaptive,adaptive,adaptive-adaptive,4.0,15.0
144.47457500000002,72.206985,72.26759,0.06060499999999536,adaptive,adaptive,adaptive-adaptive,6.0,5.0
142.54549,71.24378,71.30171,0.05792999999999893,adaptive,adaptive,adaptive-adaptive,6.0,10.0
138.03402,69.02186,69.01216,0.009700000000009368,adaptive,adaptive,adaptive-adaptive,6.0,15.0
151.23877,75.65138,75.58739,0.06399000000000399,adaptive,cautious,adaptive-cautious,2.0,5.0
159.34431,79.66039,79.68392,0.023529999999993834,adaptive,cautious,adaptive-cautious,2.0,10.0
147.8469,73.91805,73.92885,0.010800000000003251,adaptive,cautious,adaptive-cautious,2.0,15.0
149.63588,74.78235,74.85353,0.07118000000001246,adaptive,cautious,adaptive-cautious,4.0,5.0
140.09881000000001,70.07252,70.02629,0.04622999999999422,adaptive,cautious,adaptive-cautious,4.0,10.0
137.59949,68.79969,68.7998,0.00011000000000649379,adaptive,cautious,adaptive-cautious,4.0,15.0
140.58794,70.32435,70.26359,0.060760000000001924,adaptive,cautious,adaptive-cautious,6.0,5.0
135.82244,67.93433,67.88811,0.04622000000000526,adaptive,cautious,adaptive-cautious,6.0,10.0
123.32384400000001,61.81306,61.510784,0.3022759999999991,adaptive,cautious,adaptive-cautious,6.0,15.0
152.76818600000001,76.43868,76.329506,0.1091740000000101,cautious,cooperative,cautious-cooperative,2.0,5.0
140.92956600000002,70.4637,70.465866,0.0021660000000025548,cautious,cooperative,cautious-cooperative,2.0,10.0
131.36392999999998,65.68087,65.68306,0.002189999999998804,cautious,cooperative,cautious-cooperative,2.0,15.0
145.918726,72.930916,72.98781,0.05689399999999978,cautious,cooperative,cautious-cooperative,4.0,5.0
135.52442,67.76332,67.7611,0.0022199999999941156,cautious,cooperative,cautious-cooperative,4.0,10.0
128.892844,64.643684,64.24916,0.3945239999999899,cautious,cooperative,cautious-cooperative,4.0,15.0
153.336545,76.670425,76.66612,0.004304999999988013,cautious,cooperative,cautious-cooperative,6.0,5.0
130.988045,65.51339,65.474655,0.03873500000000263,cautious,cooperative,cautious-cooperative,6.0,10.0
126.245526,63.124928,63.120598,0.004329999999995948,cautious,cooperative,cautious-cooperative,6.0,15.0
125.931824,63.864857,62.066967,1.7978900000000024,cautious,competitive,cautious-competitive,2.0,5.0
125.319794,62.591114,62.72868,0.13756599999999963,cautious,competitive,cautious-competitive,2.0,10.0
78.69292200000001,49.612625,29.080297,20.532328,cautious,competitive,cautious-competitive,2.0,15.0
139.21627,69.64424,69.57203,0.07220999999999833,cautious,competitive,cautious-competitive,4.0,5.0
125.804506,62.865246,62.93926,0.07401399999999825,cautious,competitive,cautious-competitive,4.0,10.0
127.819877,63.671272,64.148605,0.47733300000000156,cautious,competitive,cautious-competitive,4.0,15.0
56.251428000000004,36.361088,19.89034,16.470748000000004,cautious,competitive,cautious-competitive,6.0,5.0
56.834995000000006,35.92193,20.913065,15.008865000000004,cautious,competitive,cautious-competitive,6.0,10.0
125.291474,62.60365,62.687824,0.0841739999999973,cautious,competitive,cautious-competitive,6.0,15.0
145.701004,72.847084,72.85392,0.006836000000006948,cautious,adaptive,cautious-adaptive,2.0,5.0
135.354336,67.640976,67.71336,0.07238399999999956,cautious,adaptive,cautious-adaptive,2.0,10.0
138.710744,69.337654,69.37309,0.03543600000000424,cautious,adaptive,cautious-adaptive,2.0,15.0
151.292476,75.66093,75.631546,0.029383999999993193,cautious,adaptive,cautious-adaptive,4.0,5.0
133.02975,66.49333,66.53642,0.04309000000000651,cautious,adaptive,cautious-adaptive,4.0,10.0
132.21310499999998,66.122025,66.09108,0.030944999999988454,cautious,adaptive,cautious-adaptive,4.0,15.0
161.55055,80.76884,80.78171,0.012870000000006598,cautious,adaptive,cautious-adaptive,6.0,5.0
137.08808,68.60628,68.4818,0.12447999999999126,cautious,adaptive,cautious-adaptive,6.0,10.0
126.03438600000001,62.960644,63.073742,0.11309800000000081,cautious,adaptive,cautious-adaptive,6.0,15.0
137.91137600000002,68.64807,69.263306,0.6152359999999959,cautious,cautious,cautious-cautious,2.0,5.0
144.47113000000002,72.26851,72.20262,0.06589000000001022,cautious,cautious,cautious-cautious,2.0,10.0
125.07263,62.53234,62.54029,0.007950000000001012,cautious,cautious,cautious-cautious,2.0,15.0
142.78501,71.3872,71.39781,0.010609999999999786,cautious,cautious,cautious-cautious,4.0,5.0
139.393325,69.70021,69.693115,0.007094999999992524,cautious,cautious,cautious-cautious,4.0,10.0
132.25281,66.10411,66.1487,0.04458999999999946,cautious,cautious,cautious-cautious,4.0,15.0
154.08697,77.03525,77.05172,0.01646999999999821,cautious,cautious,cautious-cautious,6.0,5.0
133.90637600000002,66.9594,66.946976,0.012423999999995772,cautious,cautious,cautious-cautious,6.0,10.0
128.062346,64.013016,64.04933,0.0363140000000044,cautious,cautious,cautious-cautious,6.0,15.0
