PA,BC,DE,FG,HI,JK,LM,NO,person_id,amplitude,angle,fit,mean_level,agency,communion
4.935694935040489,5.338931816504657,5.456481422572841,5.219484777821754,4.766771306950059,4.3635344299127885,4.245984834924575,4.482981470271017,1,0.6111131610265353,82.05573310534545,1.0,4.851233124249772,0.08446181284143264,0.605248294298615
3.7521348459424217,3.001498214237969,2.6366534655723988,2.871321702925713,3.5680374665337315,4.318674103056299,4.683518847477089,4.448850600321303,2,1.0275638350576746,275.13941844917065,1.0,3.660086155758366,0.0920486893189973,-1.0234326914424272
5.26327522367614,4.5434517722905445,3.6854410943255362,3.1918542772656155,3.3518277512383485,4.071651222283725,4.929661869322202,5.423248695454994,3,1.1403636254138183,326.9386421154427,0.9999999999999999,4.307551488232138,0.9557237413296691,-0.6221103828307054
3.3698807630799523,3.8751200237888446,4.817897345153659,5.645946561527028,5.874207662573012,5.368968410683066,4.426191094988495,3.5981418847688023,4,1.267387766388128,171.11029218581393,1.0,4.622044218320357,-1.2521634493529539,0.19585312480223568
8.04748150946851,8.057783296225068,7.887013101612573,7.6352058456574605,7.449866759148187,7.43956498656213,7.610335164298684,7.862142428792899,5,0.32927726955492587,24.842740673513358,0.9999999999999994,7.748674136470689,0.29880737654276124,0.13833897487396607
5.079183545146113,5.242567518612622,5.364302383433514,5.373077527277694,5.263752569635319,5.10036859430803,4.978633725165847,4.9698585880857005,6,0.21377911666232133,115.57432631258266,0.9999999999999998,5.171468056458105,-0.09228451176037517,0.1928343320315954
7.004653070030753,7.642398292676513,7.994764352853941,7.855340039491903,7.305798200314694,6.668052997786506,6.3156869161568725,6.455111243457148,7,0.8529345566072289,100.16798152958606,0.9999999999999999,7.155225639096042,-0.1505725604847151,0.8395387197049622
6.137372062683872,6.465903068802683,6.703251723348369,6.710382401343096,6.4831180501656975,6.154587051248022,5.917238394276248,5.9101077138459095,8,0.4293475398167597,113.7433947790613,1.0,6.310245058214237,-0.17287299467953496,0.39300666362955416
5.899258479935766,5.573476288551361,5.536059498590507,5.808926339502838,6.232235132590704,6.558017323758203,6.595434121852335,6.322567272741269,9,0.5552359973390406,252.55131803477394,1.0,6.065746807190373,-0.1664883270045595,-0.5296873131502227
6.856264334875776,5.728062423548955,4.653611302508044,4.262309862977567,4.783377176784835,5.911579077119887,6.986030202762148,7.377331640913608,10,1.5602114494354038,311.6284055328182,1.0,5.819820752686352,1.0364435776531555,-1.1662094482942809
3.749291441711405,4.176460486333508,4.441411941411275,4.388940840901331,4.049784057609269,3.6226150073924375,3.357663544005688,3.4101346464992153,11,0.5623180574452209,105.4971810901618,0.9999999999999999,3.8995377457330163,-0.1502463048845638,0.5418741972058657
5.86841558086935,6.109961898780681,6.665773247399895,7.21026284727442,7.424476107763052,7.182929779840308,6.6271184495185915,6.082628834581714,12,0.7782702854024259,178.57698259206472,1.0,6.646445843253502,-0.7780302621644837,0.01932739756507268
3.9539890873452963,4.045591176488484,4.332957937909769,4.6477538714428945,4.8055757362777625,4.713973648592743,4.426606873930282,4.111810967129152,13,0.42836022655561923,186.2755963669487,0.9999999999999996,4.379782412389548,-0.42579332233816913,-0.046824463125650785
4.019152558131256,4.405681867380084,4.456706631542805,4.142337245477855,3.6467270035596484,3.2601976999160334,3.209172933066883,3.5235423360929783,14,0.6509687243180764,73.3780863283173,0.9999999999999999,3.8329397843959425,0.18621277513437576,0.6237668494053352
5.429126193406291,4.5176298636278105,3.580989230266108,3.1678757208613133,3.520285595478656,4.431781938802158,5.3684225621694335,5.781536081136547,15,1.3075349273234869,316.8812526124309,1.0,4.47470589821854,0.9544203030479348,-0.8937166616443517
4.789710383713202,5.0003106429349256,5.327831503360594,5.580415683414989,5.610102786514002,5.399502521266327,5.071981663938599,4.819397493206009,16,0.4296809392532199,162.6792442725952,0.9999999999999999,5.199906584793581,-0.41019620246665317,0.12792491954058732
4.302116708866741,4.242151303830935,4.093583960034322,3.9434434500219107,3.8796800277732437,3.9396454408232353,4.0882127711698,4.238353283071452,17,0.21123541546886998,0.7284649345616409,0.9999999999999992,4.090898368198955,0.21121834274071347,0.002685598289507981
2.7999051573413447,2.6530782463219102,3.2574882148291615,4.259079930318199,5.071134537025426,5.217961452000151,4.613551481994618,3.61195978660499,18,1.3226290494156554,210.83979281519245,1.0,3.935519850804475,-1.1356146823081699,-0.6780316332475018
2.105904557603856,2.341929634644427,2.9804617201881483,3.6474574174015153,3.9521996785913363,3.7161746045591175,3.0776424987312256,2.4106468015524776,19,0.9244254644313621,183.0130147792552,0.9999999999999999,3.029052114159013,-0.9231475579340063,-0.04859038556772327
7.117928469379341,6.847827805861304,6.269270504328186,5.721167565996525,5.524590286254002,5.794690948016548,6.3732482508717565,6.921351193254974,20,0.7983636325378154,356.26629712475454,0.9999999999999999,6.321259377995329,0.796669094582094,-0.05198887858689211
4.750751558866364,4.907621428599076,4.89834222717007,4.7283496245365235,4.497222955413235,4.340353087740919,4.349632270059374,4.519624881242119,21,0.3022248250071041,65.20094584311738,0.9999999999999996,4.62398725420346,0.12676430316036985,0.274354982267209
6.204249392364265,6.259421177454961,6.179380236552211,6.011013394708117,5.852947705134188,5.797775891397339,5.87781686618444,6.046183682321886,22,0.23149153901069666,40.64335578024287,0.9999999999999973,6.0285985432646765,0.1756508370930508,0.15078168344348536
5.8119942847706465,5.992838389565138,6.37083673015217,6.724563045041186,6.8468092346683,6.665965137039276,6.287966790117404,5.934240500273389,23,0.519063911096987,175.42141633837699,0.9999999999999996,6.329401763953439,-0.5174074670911448,0.041434970756918967
4.92318765809867,4.54710569314023,3.980854163339743,3.5561355222551585,3.5217441995834196,3.8978261695287078,4.464077702341995,4.888796346465167,24,0.7412065778366338,340.9755931662889,1.0,4.222465931844137,0.7007217295917698,-0.24161177269788106
7.230171767448535,7.415292788197336,7.2688662469662795,6.876666850017935,6.468439648954933,6.2833186338841704,6.42974516929266,6.821944600508172,25,0.566648040449857,47.76765611039276,0.9999999999999997,6.849305713158753,0.3808660613565533,0.41956053800662535
7.154058708268497,6.488800309611258,6.085789536460663,6.181104650471297,6.718911343086915,7.384169748827635,7.787180499165879,7.69186538884678,26,0.8780780773014251,284.3464182442779,0.9999999999999999,6.936485023092366,0.2175736814750462,-0.8506954819245032
3.214097127620427,3.415564407454796,3.6859695299239386,3.8669128262051924,3.8524001845940536,3.650932903533464,3.3805277745317577,3.199584468091449,27,0.353809787344848,154.42788193827198,0.9999999999999997,3.5332486527443847,-0.3191515309822113,0.15272087575939708
5.37211596393567,5.268232106383178,5.347581385312403,5.563682080032637,5.789945306858856,5.893829152243345,5.814479858074564,5.598379180907529,28,0.3132792476915264,228.17450857353552,0.9999999999999993,5.581030629218523,-0.20891467525625806,-0.23344923537407652
4.601220826088722,5.037731511821121,5.546912811892728,5.830493210647452,5.722355160823341,5.285844472839988,4.7766631828717045,4.493082773915181,29,0.6801151929300113,145.50988145600866,1.0,5.1617879938625295,-0.5605671702535957,0.38512481520684017
4.169649471283597,4.306664375406759,4.327333082986798,4.2195482063051895,4.046448640602512,3.909433759632124,3.888765027236035,3.9965499187557736,30,0.22777203037362292,74.30909036637829,0.9999999999999979,4.108049060276098,0.06160042286776433,0.21928402979477374
5.943743153523221,5.748166471937738,5.233854099749237,4.702083216770419,4.464358023520926,4.659934712651797,5.174247100798471,5.706017973015462,31,0.740292738880302,2.3072982177345667,0.9999999999999999,5.204050593995909,0.739692565126421,0.029803495358672064
5.732512072655591,5.922464340165102,5.898445596959126,5.6745256796242165,5.381873831683883,5.191921560055443,5.215940321198559,5.439860238366612,32,0.3836536931862701,62.80809138334531,0.9999999999999997,5.557192955088566,0.1753191174776838,0.3412526385865914
5.640041082015992,5.516751608900789,5.308518179312857,5.137321151613186,5.103445388410545,5.22673487104475,5.434968285687991,5.606165331742774,33,0.27564677153837613,346.7400266282966,0.9999999999999996,5.371743237341111,0.2682978486726332,-0.06322505086725164
6.400447510100142,5.923518201064078,5.540298470512203,5.475273235700879,5.766533389776084,6.243462710102805,6.626682450473093,6.691707680214299,34,0.6289032626847901,300.26391817187556,0.9999999999999999,6.083490455992948,0.3169570582409259,-0.5431919891224763
6.21160621268454,6.487749564869382,6.9804293895050655,7.401040484683481,7.503194601636012,7.227051244403306,6.734371440437459,6.313760327496361,35,0.6574087573903453,169.21394241559753,0.9999999999999999,6.857400408214451,-0.6457941980222752,0.12302897258078829
5.5934075810756605,5.017136636238019,4.268736428797923,3.7866096389305763,3.853179598909261,4.429450539956792,5.1778507455861895,5.659977531784048,36,0.9816927014499536,332.4169361094038,1.0,4.723293587659809,0.8701139866874372,-0.4545571583981512
5.3101496165156945,4.735450596116002,4.182246146586362,3.9745959288334527,4.234138622095853,4.808837628569758,5.362042091791045,5.569692310714768,37,0.7983918411764533,312.3657989928377,1.0,4.772144117652866,0.5380054985987595,-0.5898979704445739
4.09266911761582,3.958636646248554,4.038768343025072,4.2861241640987755,4.555806406909822,4.689838888433062,4.609707182378272,4.362351370309431,38,0.3675824079303356,230.95153779614915,0.9999999999999999,4.324237764877351,-0.2315686446847539,-0.2854694194107835
5.419469215998495,5.034228926205891,4.563418244897508,4.2828317021720865,4.356833089336915,4.742073373204978,5.212884032255661,5.493470587744025,39,0.6226960258668759,328.5674099837949,0.9999999999999998,4.888151146476945,0.5313180662264687,-0.32473289505648606
6.387400103757744,6.541460904536345,6.728477536436862,6.838898146791467,6.808039872354086,6.653979074651826,6.466962459112923,6.356541827112181,40,0.24765295988873492,148.13045705628193,0.9999999999999989,6.59771999059418,-0.21031988857127715,0.13075753520549752
6.298336136935584,5.890080784697547,5.41683296730552,5.155814876041157,5.259927316504024,5.668182669160259,6.141430478063892,6.402448596127893,41,0.6331142113279785,325.0928198648069,0.9999999999999999,5.779131728104485,0.5192044099474089,-0.3622987514146457
5.287047828013979,5.570860642115573,5.743482198145226,5.703793148826412,5.4750427909682315,5.1912299668125375,5.018608394741274,5.0582974539218934,42,0.3744276096137923,104.5392480157227,0.9999999999999997,5.38104530294314,-0.09399748029868871,0.3624369028377161
4.07262674669337,4.297840311507255,4.940862699639077,5.625020104374599,5.949542410368464,5.72432882590392,5.081306448651296,4.397149044271256,43,0.9410814043648427,184.2792898238464,1.0,5.011084573926155,-0.938457829627872,-0.07022187445125885
5.563186453069486,5.406896561898069,5.477940074140556,5.734700650427571,6.0267714402853905,6.183061328032972,6.112017828641685,5.85525724024238,44,0.3927358009308211,233.82882973098606,0.9999999999999999,5.794978947092264,-0.23179249362329718,-0.3170388765319914
4.93677276677283,4.747717708658531,4.850289142312703,5.184402132772395,5.554337787060103,5.743392838625392,5.640821386525126,5.306708400357745,45,0.5015794517007172,232.00299032041738,0.9999999999999996,5.245555270385603,-0.3087825163386053,-0.39526611791550137
4.566895491005252,4.663375438229823,4.699966889434549,4.655235056245243,4.555383246276663,4.45890330858319,4.422311877233064,4.467043696098314,46,0.13894678721343223,87.62573932922948,0.999999999999997,4.5611393753882625,0.00575612181119127,0.13882750713972192
5.925514172442353,6.436744945005372,6.79847233689421,6.798801380786416,6.437539313725815,5.926308551049005,5.5645811550913,5.5642521107914344,47,0.6679553134527088,112.53687699073272,0.9999999999999999,6.181526745723238,-0.2560125665687152,0.6169455944640545
5.652026343643868,5.788485512169352,5.77848957202105,5.627894005818087,5.424915665392846,5.288456473593534,5.298452421835568,5.449047999318924,48,0.26552538936832215,64.6806701334111,0.999999999999999,5.538470999224153,0.11355534455862029,0.24001857453408082
6.596877139335414,6.526556633159659,6.617680789976619,6.816870293263525,7.007442646789438,7.077763150073483,6.986639010819499,6.787449488176081,49,0.275995564434192,221.9447211800699,0.9999999999999996,6.802159893949215,-0.20528275604582624,-0.1844791090003907
4.903194341136212,5.302466262545918,6.394257015652567,7.539010417283691,8.066145423463507,7.6668735150364205,6.575082755715432,5.430329366989996,50,1.5840578795044904,183.2720348310377,1.0,6.484669887227968,-1.5814755385180566,-0.0904128679408272
6.137342293904218,6.05641282681647,5.964539028610196,5.915539347005206,5.938117102862566,6.019046565288234,6.110920344543809,6.15992003042583,51,0.12361043763056918,323.69330152648735,0.999999999999995,6.037729692432066,0.09961259159839606,-0.07319065436428335
3.7802907127102756,4.06492408021135,4.072700687303027,3.799065126175341,3.4043093822767423,3.119676006910292,3.1118993841176144,3.385534970848763,52,0.5158733146908676,68.62857039845646,0.9999999999999998,3.5923000438191757,0.18799066897792022,0.4804006506941648
5.6779311593699555,5.162216116127342,4.613178190746264,4.352436386941687,4.5327296643490955,5.048444701898586,5.597482600968175,5.858224420702032,53,0.7550399967461804,319.3208338724585,0.9999999999999998,5.105330405137892,0.5726007408071738,-0.4921522003542682
4.5864844928927235,4.44585689451727,4.533771136125305,4.798728214058639,5.085519876959365,5.2261474844209515,5.1382332614050235,4.873276169657237,54,0.391921799888763,230.45740097891093,0.9999999999999996,4.836002191254565,-0.24951769663905599,-0.3022310644060065
3.4669953849398323,3.4120082380417753,3.4045202496461457,3.4489177863546465,3.519193357855058,3.5741805029064286,3.581668482756558,3.537270956570148,55,0.092339219084485,253.582018418714,0.9999999999999982,3.493094369883824,-0.026098988830673187,-0.08857411677882493
4.890220153722904,4.244595245812284,4.07582017719981,4.4827610698806675,5.227037495786419,5.872662407368556,6.041437481532128,5.634496579149187,56,0.9971330574986779,260.2765451653517,1.0,5.058628826306494,-0.1684086708724946,-0.9828086558082512
5.703147046281377,6.10721230607261,6.077303996323237,5.630941954592615,5.029599036407609,4.625533751533567,4.655442095074903,5.101804110673098,57,0.7866635545672577,64.65268965688351,0.9999999999999998,5.366373037119876,0.33677400142727215,0.710930953079873
6.958798437298673,6.700672701365236,6.396814365770057,6.225219545815886,6.286406143967224,6.544531884249692,6.848390223880825,7.019985055957731,58,0.40497906159463015,326.11485602473385,0.9999999999999997,6.622602294788166,0.3361961514020856,-0.22578792729571082
4.560474030786811,4.265375595160775,4.364118748170246,4.7988610095095945,5.314936329085019,5.610034752455079,5.511291636453445,5.076549344834096,59,0.6865163923785939,236.66824202687494,0.9999999999999997,4.9377051808068835,-0.37723115046031025,-0.5735864504387375
4.569414419843258,4.452046509903083,4.695611027483672,5.15743121119839,5.566979037587156,5.684346944782581,5.4407824057603715,4.97896223514916,60,0.6225784174296427,216.75938490949983,0.9999999999999999,5.068196723963458,-0.4987823087255384,-0.37258568726082353
5.954537739380632,6.011960802575866,5.9132095304517005,5.716131117796403,5.53617139605023,5.478748332273053,5.577499573207642,5.774578010024736,61,0.2682030831110163,38.744624246667954,0.9999999999999988,5.745354562720033,0.20918317268217118,0.16785497924361875
9.296771253194592,9.03457783951072,8.327501795376099,7.589738655048037,7.253460072831,7.51565349470678,8.222729545496158,8.960492658938342,62,1.0229977705598348,2.9353116428277346,0.9999999999999999,8.275115664387716,1.0216555840433093,0.05238612567767348
6.564979734453079,6.508315303266696,6.805851521335802,7.283295696324569,7.660967519814581,7.717631947738678,7.420095713902475,6.942651534625937,63,0.6281888992631746,209.26836447593956,0.9999999999999999,7.112973621432727,-0.5479938954945278,-0.30712209894146564
6.094665805160499,6.54706119603639,6.954970261192837,7.079445397999964,6.847570773191053,6.395175376902615,5.987266321444086,5.862791178167302,64,0.6130491006621026,127.88407034819949,1.0,6.4711182887618435,-0.3764524811394728,0.48385197040680505
5.142010619437723,5.381064189305898,5.064920131906929,4.378771370671278,3.7245545092971435,3.4855009498479754,3.8016450014548493,4.487793773688442,65,0.9493479182139599,41.70828712698568,1.0,4.43328256820128,0.7087280528509766,0.6316375676915067
3.716970771757194,4.286781931456909,5.086383793066889,5.6473804455794925,5.641147644777511,5.071336477644584,4.271734615127015,3.7107379778251275,66,1.0447619229780187,157.0533952478372,1.0,4.67905920715434,-0.9620884336308292,0.4073245899506992
5.803838623297002,5.830340309506338,5.267174877685984,4.444236998666975,3.8435925177294283,3.817090827369208,4.380256248194546,5.203194133831833,67,1.0757775594932997,24.34450196804847,1.0,4.823715567035164,0.9801230508780074,0.4434593134064805
4.806891870546251,4.298114035049037,4.033421099855272,4.167866565381965,4.622694117795015,5.131471945546346,5.39616488053244,5.261719406132702,68,0.6875680755477781,277.69783449141556,0.9999999999999999,4.714792990104879,0.09209887109953807,-0.6813718929150702
4.166665710690227,4.381789027986207,4.227765105349759,3.794819100288077,3.3365648855523418,3.121441570712949,3.27546547294574,3.7084115119391674,69,0.6316529856407381,48.92197858579476,0.9999999999999998,3.751615298183058,0.41505041678988464,0.4761498144401629
5.570290866582114,5.528048314481324,5.46618929521409,5.42094999310813,5.418830984088927,5.461073527027263,5.5229325257491,5.568171838753547,70,0.08087009970174307,339.46194000857685,0.9999999999999891,5.494560918125561,0.0757299435662887,-0.028371617388097438
5.9497437844831795,5.942007267364301,5.935130488290034,5.933141774583802,5.937206097509638,5.944942627508512,5.951819403973538,5.9538081209091,71,0.010436879987278328,306.9160178060139,0.9999999999996892,5.943474945577763,0.00626884688482808,-0.00834446059391691
3.7276270322438716,3.8014838381058804,3.9873877582992328,4.176438796787159,4.257893424227705,4.184036607975887,3.9981326854354435,3.8090816482098298,72,0.26518762138172924,181.16084055067464,0.9999999999999998,3.9927602239106257,-0.2651331951492488,-0.0053724634991514295
4.154077072093475,3.296168194087138,2.557326864821256,2.3703562653401358,2.844781295697616,3.7026901721344854,4.441531512849444,4.628502081524981,73,1.1472230183974532,304.7946567777154,0.9999999999999999,3.4994291823185666,0.6546478871373863,-0.9421023287347927
5.118627933645286,5.573887477125226,5.793215275728262,5.648132137359513,5.223625753328501,4.768366219237288,4.54903839359484,4.694121562161661,74,0.6242997407768335,94.82384024723254,0.9999999999999998,5.171126844022572,-0.0524989057217041,0.622088443255495
6.506302656221331,6.476272879523117,5.8799606039585015,5.066677402005845,4.512833611544719,4.542863392505269,5.13917568964887,5.952458862057705,75,1.0633298030723368,20.38536416075695,0.9999999999999999,5.5095681371831695,0.9967345202023321,0.3703924490845911
6.120597355875104,5.776796212149651,5.397586752838246,5.205104762642496,5.312103562893484,5.655904702886317,6.035114146537836,6.227596162495746,76,0.5148066154869494,321.7429083922102,0.9999999999999998,5.71635045728986,0.4042469003776894,-0.3187636975631921
6.407520685559564,6.222868039871495,6.070532352321756,6.03974980400498,6.148552399055584,6.333205045902461,6.485540721027807,6.516323264745675,77,0.2445897171522918,301.96446737252154,0.9999999999999996,6.278036539061166,0.12948414178673717,-0.20750418492741357
5.054880349739189,5.744209829531204,5.9952354456881825,5.660909799477472,4.937076314085146,4.247746831944414,3.9967212168666935,4.331046865275703,78,1.0009916233745735,86.62655752718531,1.0,4.9959783315760005,0.05890201755492541,0.9992571152581418
3.5479541764758133,4.065021616928214,4.7207921181918255,5.131124226513086,5.055650946333257,4.538583509304486,3.8828130105971623,3.4724809047596903,79,0.8624613809695953,150.93465836668526,1.0,4.301802563637942,-0.7538483839124615,0.41898955564136864
5.727492293055619,5.700432926019383,5.822754758620205,6.022803276757586,6.183392825048801,6.210452181881955,6.088130382785125,5.88808183422944,80,0.2637562855649283,210.20330284861987,0.9999999999999987,5.9554425597997644,-0.22795026298305254,-0.13268781323454387
3.9716542468973586,4.497202613530824,5.270611738670008,5.8388289854167805,5.869000436668334,5.343452051131991,4.5700429561998686,4.001825693591945,81,1.0112763215131724,159.73403198435187,0.9999999999999999,4.9203273402633885,-0.9486730975963535,0.3502843878196011
3.2462572542565105,2.9111700364220616,2.875801828094727,3.1608708578719793,3.5993875397687027,3.934474773381153,3.969842979911726,3.684773939451872,82,0.574810193018836,252.1111627790757,0.9999999999999999,3.422822401144842,-0.1765651456416528,-0.54702057305269
4.263277242128048,4.680176837913835,5.064335364119303,5.190717950085094,4.985291419254471,4.568391823357681,4.184233307678992,4.057850698278535,83,0.5691845264737392,129.3646151507312,0.9999999999999999,4.624284330351994,-0.3610070878088291,0.44005102855114775
5.090377055077094,4.526414409166821,3.9169778781605307,3.619067088228296,3.8071941646028225,4.371156808607166,4.980593354207656,5.278504134262084,84,0.833342099888586,320.3450565837985,1.0,4.4487856115390585,0.6415914452158551,-0.5318077405158264
3.1276625668753635,3.1704913143673603,2.903455065471925,2.482980015302984,2.155374751627769,2.112546015258024,2.3795822846322903,2.8000573184066737,85,0.5522196752917542,28.31597491602168,0.9999999999999998,2.641518666492799,0.4861439053892994,0.2619363911948288
3.2675505695308438,3.1652956698631463,3.319668525036957,3.640239619941263,3.9392227575710774,4.04147766695261,3.887104803801971,3.566533707837394,86,0.4396383331996008,220.1915029403822,1.0,3.6033866650669077,-0.33583609249948765,-0.28371814004959006
4.554420460173803,4.859645869661272,5.0907502000494524,5.1123556113766435,4.911805994653986,4.6065805790933,4.375476275191317,4.353870853139785,87,0.39979406849113036,116.54893711543014,0.9999999999999994,4.733113230417445,-0.17869276685313662,0.3576369559694037
5.511205393794062,5.764975830714151,5.937352792035116,5.927360177407593,5.740851539587799,5.4870810969180335,5.314704137225546,5.32469675121745,88,0.3318240098216489,110.24505348596385,0.9999999999999999,5.626028464862468,-0.11482307262565983,0.3113243252412509
4.5960117861723555,4.492092986460731,4.551081961082965,4.738423781678553,4.944376135239477,5.048294926799515,4.989305957484603,4.801964144002859,89,0.2799097994899681,231.51720140181786,0.9999999999999998,4.770193959865132,-0.17418217292780583,-0.21911199530071848
4.2105301977028144,4.495495970459906,5.0077784942187895,5.447289631812988,5.556569725709988,5.271603967004538,4.759321425972736,4.3198102944074375,90,0.6843890162305517,169.54184202932552,0.9999999999999999,4.883549963411149,-0.673019760106042,0.12422853152085488
4.990938794650743,5.414489948746107,5.690303056039503,5.656810456479888,5.333631729233447,4.910080580026484,4.634267509802595,4.667760070944386,91,0.5551237473200056,107.97870874375563,0.9999999999999993,5.162285268240394,-0.1713464710035889,0.5280177664749754
3.5858418507965633,4.0719354557242475,4.276457814305459,4.07960249413091,3.5966846850788534,3.110591082401404,2.9060687297963783,3.10292404007683,92,0.6852159893721348,90.4533279154492,1.0,3.5912632690388304,-0.005421416687652197,0.6851945419604073
5.387316557318541,4.979058963613823,4.783277463247651,4.91465818493032,5.296240090734303,5.704497681090171,5.900279199566286,5.768898458412739,93,0.5603543052566566,274.6613881026459,0.9999999999999999,5.341778324864229,0.045538230065877316,-0.5585008657308757
5.325654434615589,5.138040879933503,5.251270712523623,5.5990154496599125,5.977570946595633,6.16518451663966,6.05195465700509,5.704209928606843,94,0.5162581532491148,230.84753483583071,0.9999999999999998,5.6516126906974815,-0.3259582533352049,-0.40034197616394035
6.008893464149045,6.179922878311608,6.305948580780011,6.313146430433319,6.197300031636197,6.026270620201439,5.9002449194363,5.89304707687915,95,0.22365849491439144,114.90989742056992,0.9999999999999993,6.103096750228383,-0.09420327887576584,0.20285182916706854
4.404494294224178,4.343934452166185,4.804252266316837,5.515799831420096,6.061762201667567,6.12232204630101,5.662004231845725,4.950456666932357,96,0.9330427830501745,207.36472281928508,1.0,5.233128248859245,-0.8286339550352237,-0.42887597690322765
6.004681138465288,5.819320555086992,5.07104246783109,4.1981779845525695,3.712039335195855,3.8973999021921086,4.645678006272628,5.518542464756121,97,1.1658839307507483,10.510833820530781,1.0,4.858360231794082,1.146320901855916,0.21268222763328204
3.0718269604759665,3.072944842839483,3.3186905767609733,3.665109649585218,3.9092744660145025,3.9081565973672467,3.6624108644275135,3.3159917819295983,98,0.45262069123936943,202.31511029164992,0.9999999999999999,3.4905507174250627,-0.418723753136127,-0.1718601428417899
6.41306228829732,6.8551701383625,7.360295924429328,7.632543825149919,7.512434715643879,7.070326855479706,6.565201067194256,6.2929531681120965,99,0.6783796049553673,144.12456306481187,0.9999999999999999,6.962748497833625,-0.5496862096608894,0.39754743028731176
6.010575025604393,5.817951566304912,5.582422015290224,5.441956391699604,5.478837552931407,5.6714610083615025,5.906990559084772,6.047456182070541,100,0.3114841406820314,328.6004237450092,1.0,5.74470628766842,0.26586873683822365,-0.16228427116782113
